{"cameraMode":{"drawMode":0,"name":"Shaded","section":"Shading Mode"},"sceneLighting":true,"audioPlay":false,"sceneViewState":{"showFog":true,"showMaterialUpdate":false,"showSkybox":true,"showFlares":true,"showImageEffects":true,"showParticleSystems":true},"in2DMode":false,"pivot":{"x":-2.7889838218688967,"y":1.4672771692276,"z":13.966224670410157},"rotation":{"x":0.12580375373363496,"y":0.641995370388031,"z":-0.10789114236831665,"w":0.7485823631286621},"size":16.591745376586915,"orthographic":false}